step,time,kinetic_energy,backflow_energy,backflow
1,0.01,0.03004773539138758,0.0,0.0
2,0.02,0.030136972311053948,0.0,0.0
3,0.03,0.030259811966885167,0.0,0.0
4,0.04,0.030403591078374984,0.0,0.0
5,0.05,0.03056016707158968,0.0,0.0
6,0.06,0.030724458655240205,0.0,0.0
7,0.07,0.030893515164665045,0.0,0.0
8,0.08,0.031065836043100897,0.0,0.0
9,0.09,0.03124083502067657,0.0,0.0
10,0.1,0.03141842425958482,0.0,0.0
11,0.11,0.0315987182859614,0.0,0.0
12,0.12,0.03178185275292917,0.0,0.0
13,0.13,0.0319678987936612,0.0,0.0
14,0.14,0.03215684341338868,0.0,0.0
15,0.15,0.032348605516925526,0.0,0.0
16,0.16,0.032543064056286694,0.0,0.0
17,0.17,0.03274008443912905,0.0,0.0
18,0.18,0.03293953753088227,0.0,0.0
19,0.19,0.033141310580062346,0.0,0.0
20,0.2,0.033345311556979944,0.0,0.0
21,0.21,0.03355146889714887,0.0,0.0
22,0.22,0.03375972848315639,0.0,0.0
23,0.23,0.03397004938330646,0.0,0.0
24,0.24,0.03418239952507917,0.0,0.0
25,0.25,0.03439675211703143,0.0,0.0
26,0.26,0.03461308325067065,0.0,0.0
27,0.27,0.03483137075374268,0.0,0.0
28,0.28,0.03505159407958706,0.0,0.0
29,0.29,0.035273734842542745,0.0,0.0
30,0.3,0.03549777756024515,0.0,0.0
31,0.31,0.0357237102253529,0.0,0.0
32,0.32,0.03595152446456346,0.0,0.0
33,0.33,0.03618121520375858,0.0,0.0
34,0.34,0.03641277990014668,0.0,0.0
35,0.35000000000000003,0.03664621749574145,0.0,0.0
36,0.36,0.03688152728184071,0.0,0.0
37,0.37,0.03711870784939717,0.0,0.0
38,0.38,0.03735775625337746,0.0,0.0
39,0.39,0.03759866746000393,0.0,0.0
40,0.4,0.03784143408937494,0.0,0.0
41,0.41000000000000003,0.03808604642110536,0.0,0.0
42,0.42,0.03833249260064505,0.0,0.0
43,0.43,0.038580758968870615,0.0,0.0
44,0.44,0.03883083043607768,0.0,0.0
45,0.45,0.0390826908316021,0.0,0.0
46,0.46,0.0393363231792316,0.0,0.0
47,0.47000000000000003,0.039591709872612665,0.0,0.0
48,0.48,0.03984883274945801,0.0,0.0
49,0.49,0.04010767308389682,0.0,0.0
50,0.5,0.04036821152917059,0.0,0.0
51,0.51,0.0406304280464229,0.0,0.0
52,0.52,0.04089430185025904,0.0,0.0
53,0.53,0.04115981139077097,0.0,0.0
54,0.54,0.04142693437857113,0.0,0.0
55,0.55,0.04169564784768858,0.0,0.0
56,0.56,0.04196592824352029,0.0,0.0
57,0.5700000000000001,0.04223775152037007,0.0,0.0
58,0.58,0.042511093234900155,0.0,0.0
59,0.59,0.0427859286264887,0.0,0.0
60,0.6,0.04306223268108866,0.0,0.0
61,0.61,0.04333998018000921,0.0,0.0
62,0.62,0.043619145738080865,0.0,0.0
63,0.63,0.04389970383659918,0.0,0.0
64,0.64,0.04418162885564845,0.0,0.0
65,0.65,0.044464895108542096,0.0,0.0
66,0.66,0.044749476878979594,0.0,0.0
67,0.67,0.0450353484596867,0.0,0.0
68,0.68,0.04532248419016885,0.0,0.0
69,0.6900000000000001,0.0456108584908383,0.0,0.0
70,0.7000000000000001,0.04590044589108839,0.0,0.0
71,0.71,0.04619122104967157,0.0,0.0
72,0.72,0.04648315876675877,0.0,0.0
73,0.73,0.04677623398808079,0.0,0.0
74,0.74,0.047070421802417446,0.0,0.0
75,0.75,0.04736569743429453,0.0,0.0
76,0.76,0.04766203623395735,0.0,0.0
77,0.77,0.047959413666630715,0.0,0.0
78,0.78,0.04825780530266018,0.0,0.0
79,0.79,0.04855718680956303,0.0,0.0
80,0.8,0.04885753394639008,0.0,0.0
81,0.81,0.04915882256022868,0.0,0.0
82,0.8200000000000001,0.049461028584286866,0.0,0.0
83,0.8300000000000001,0.049764128036827476,0.0,0.0
84,0.84,0.05006809702027548,0.0,0.0
85,0.85,0.05037291172004842,0.0,0.0
86,0.86,0.05067854840296264,0.0,0.0
87,0.87,0.0509849834153525,0.0,0.0
88,0.88,0.05129219318124242,0.0,0.0
89,0.89,0.0516001542009633,0.0,0.0
90,0.9,0.051908843050548034,0.0,0.0
91,0.91,0.052218236382084005,0.0,0.0
92,0.92,0.052528310925032885,0.0,0.0
93,0.93,0.052839043488398026,0.0,0.0
94,0.9400000000000001,0.05315041096357107,0.0,0.0
95,0.9500000000000001,0.05346239032773757,0.0,0.0
96,0.96,0.053774958647831446,0.0,0.0
97,0.97,0.05408809308517004,0.0,0.0
98,0.98,0.05440177090100303,0.0,0.0
99,0.99,0.05471596946324902,0.0,0.0
100,1.0,0.05503066625462681,0.0,0.0
101,1.01,0.055345838882248685,0.0,0.0
102,1.02,0.05566146508854005,0.0,0.0
103,1.03,0.05597752276315869,0.0,0.0
104,1.04,0.05629398995542651,0.0,0.0
105,1.05,0.05661084488673419,0.0,0.0
106,1.06,0.056928065962408285,0.0,0.0
107,1.07,0.0572456317826642,0.0,0.0
108,1.08,0.057563521152461154,0.0,0.0
109,1.09,0.05788171309026534,0.0,0.0
110,1.1,0.05820018683590716,0.0,0.0
111,1.11,0.05851892185780275,0.0,0.0
112,1.12,0.05883789785982338,0.0,0.0
113,1.1300000000000001,0.059157094788023674,0.0,0.0
114,1.1400000000000001,0.059476492837304586,0.0,0.0
115,1.1500000000000001,0.05979607245794218,0.0,0.0
116,1.16,0.060115814361781664,0.0,0.0
117,1.17,0.060435699527830906,0.0,0.0
118,1.18,0.06075570920697446,0.0,0.0
119,1.19,0.06107582492561284,0.0,0.0
120,1.2,0.06139602848814477,0.0,0.0
121,1.21,0.06171630197836083,0.0,0.0
122,1.22,0.06203662775994937,0.0,0.0
123,1.23,0.06235698847640665,0.0,0.0
124,1.24,0.06267736705067423,0.0,0.0
125,1.25,0.06299774668478617,0.0,0.0
126,1.26,0.06331811085971967,0.0,0.0
127,1.27,0.0636384433355143,0.0,0.0
128,1.28,0.06395872815159287,0.0,0.0
129,1.29,0.06427894962711314,0.0,0.0
130,1.3,0.06459909236111024,0.0,0.0
131,1.31,0.06491914123218663,0.0,0.0
132,1.32,0.06523908139754692,0.0,0.0
133,1.33,0.0655588982912553,0.0,0.0
134,1.34,0.06587857762170075,0.0,0.0
135,1.35,0.06619810536834424,0.0,0.0
136,1.36,0.06651746777790188,0.0,0.0
137,1.37,0.06683665136014366,0.0,0.0
138,1.3800000000000001,0.06715564288349227,0.0,0.0
139,1.3900000000000001,0.06747442937055413,0.0,0.0
140,1.4000000000000001,0.06779299809365229,0.0,0.0
141,1.41,0.06811133657035962,0.0,0.0
142,1.42,0.06842943255896342,0.0,0.0
143,1.43,0.06874727405374505,0.0,0.0
144,1.44,0.0690648492799474,0.0,0.0
145,1.45,0.06938214668830744,0.0,0.0
146,1.46,0.06969915494906713,0.0,0.0
147,1.47,0.07001586294540998,0.0,0.0
148,1.48,0.07033225976632453,0.0,0.0
149,1.49,0.07064833469891266,0.0,0.0
150,1.5,0.07096407722019163,0.0,0.0
151,1.51,0.07127947698842395,0.0,0.0
152,1.52,0.07159452383399907,0.0,0.0
153,1.53,0.07190920774985957,0.0,0.0
154,1.54,0.07222351888143802,0.0,0.0
155,1.55,0.07253744751604366,0.0,0.0
156,1.56,0.07285098407162531,0.0,0.0
157,1.57,0.07316411908483261,0.0,0.0
158,1.58,0.07347684319830672,0.0,0.0
159,1.59,0.07378914714714732,0.0,0.0
160,1.6,0.07410102174451566,0.0,0.0
161,1.61,0.07441245786635114,0.0,0.0
162,1.62,0.0747234464351762,0.0,0.0
163,1.6300000000000001,0.07503397840297428,0.0,0.0
164,1.6400000000000001,0.07534404473309113,0.0,0.0
165,1.6500000000000001,0.07565363638111004,0.0,0.0
166,1.6600000000000001,0.07596274427461913,0.0,0.0
167,1.67,0.07627135929176565,0.0,0.0
168,1.68,0.07657947223848784,0.0,0.0
169,1.69,0.07688707382429606,0.0,0.0
170,1.7,0.07719415463648173,0.0,0.0
171,1.71,0.07750070511262805,0.0,0.0
172,1.72,0.07780671551131227,0.0,0.0
173,1.73,0.07811217588087617,0.0,0.0
174,1.74,0.07841707602614859,0.0,0.0
175,1.75,0.07872140547297726,0.0,0.0
176,1.76,0.07902515343040882,0.0,0.0
177,1.77,0.07932830875031915,0.0,0.0
178,1.78,0.0796308598842509,0.0,0.0
179,1.79,0.07993279483718452,0.0,0.0
180,1.8,0.08023410111792399,0.0,0.0
181,1.81,0.0805347656857601,0.0,0.0
182,1.82,0.080834774893056,0.0,0.0
183,1.83,0.08113411442341191,5.238400263248875e-15,0.0
184,1.84,0.08143276922507987,8.687473780557212e-14,0.0
185,1.85,0.08173072343934147,3.681684057308829e-13,0.0
186,1.86,0.08202796032361219,9.818358639718744e-13,7.70623199812998e-06
187,1.87,0.08232446216908795,2.0693554377445306e-12,1.9854581385085667e-05
188,1.8800000000000001,0.08262021021282313,3.781394301219767e-12,3.213838994079175e-05
189,1.8900000000000001,0.08291518454417823,8.85040076064874e-12,4.455929829721622e-05
190,1.9000000000000001,0.08320936400564673,3.1353457624810784e-11,5.711886152566656e-05
191,1.9100000000000001,0.08350272608810838,9.156412483368736e-11,6.981854155914013e-05
192,1.92,0.0837952468205903,2.1120974903736198e-10,8.265969940754564e-05
193,1.93,0.08408690065464132,4.1341049108011175e-10,9.56435872135235e-05
194,1.94,0.08437766034340509,7.227349865761709e-10,0.00010877134020560455
195,1.95,0.08466749681546358,1.1652545498902696e-09,0.00012204396861395499
196,1.96,0.08495637904344504,1.7685954478556495e-09,0.00013546234962160064
197,1.97,0.08524427390732957,2.561988742338507e-09,0.0001490272194304
198,1.98,0.08553114605225343,3.5763171784607755e-09,0.00016273916552576046
199,1.99,0.08581695774050666,4.910759628634724e-09,0.00017659861922693598
200,2.0,0.08610166869726894,6.6455775015352685e-09,0.0001906058486103419
201,2.0100000000000002,0.0863852359495122,8.932792311374272e-09,0.00020476095189153896
202,2.02,0.08666761365739305,1.1937286703927045e-08,0.00021906385134726878
203,2.0300000000000002,0.08694875293740918,1.583313880254703e-08,0.00025313883409869026
204,2.04,0.0872286016766179,2.0803804859765516e-08,0.0003048684864201166
205,2.05,0.08750710433733416,2.704227481137015e-08,0.00035710572273687835
206,2.06,0.08778420175196484,3.475163582582408e-08,0.0004098489613037102
207,2.07,0.08805983090799566,4.414495110933416e-08,0.0004630960191713296
208,2.08,0.08833392472364937,5.544555007190551e-08,0.0005332508224153602
209,2.09,0.08860641181534824,6.895811067369314e-08,0.0006125071223860294
210,2.1,0.08887721625883155,8.507567056991815e-08,0.0006922473960186013
211,2.11,0.0891462573465718,1.041205659385634e-07,0.0007724321066003716
212,2.12,0.0894134493449547,1.265984428979146e-07,0.0008530197068332485
213,2.13,0.08967870125547903,1.5306157278822502e-07,0.0009339667289056362
214,2.14,0.08994191658498919,1.840776484755199e-07,0.0010152278890565344
215,2.15,0.09020299313056933,2.2067193251661053e-07,0.0010967562063627415
216,2.16,0.09046182278523159,2.6312439050656184e-07,0.0011785031353577801
217,2.17,0.0907182913708479,3.121612669919516e-07,0.0012604187119741707
218,2.18,0.09097227850492283,3.6883691602816966e-07,0.001371503531726941
219,2.19,0.091223657507765,4.342063822541365e-07,0.0015006576937096035
220,2.2,0.0914722953564133,5.095532952891253e-07,0.0016301750165784918
221,2.21,0.09171805269131444,5.9820482667816e-07,0.0017599956193048135
222,2.22,0.09196078388127178,6.997077878981253e-07,0.001942057037347144
223,2.23,0.09220033715159215,8.156181142617512e-07,0.002134371530301164
224,2.24,0.09243655477970765,9.474253785860479e-07,0.0023257555882599135
225,2.25,0.09266927336181621,1.0965455878115402e-06,0.0025160423702136688
226,2.2600000000000002,0.09289832415332751,1.2643156291604418e-06,0.00270506582434596
227,2.27,0.09312353348508653,1.4563562366623726e-06,0.0028926613936471565
228,2.2800000000000002,0.0933447232565047,1.6722895241963155e-06,0.003078666728083384
229,2.29,0.09356171150585002,1.9120021669058887e-06,0.0032971469868963254
230,2.3000000000000003,0.09377431305701209,2.1773106327546796e-06,0.0035330262384416834
231,2.31,0.09398234024110295,2.4709677652849567e-06,0.0037671361637198085
232,2.32,0.09418560369022973,2.7978270789576774e-06,0.0039993198921597735
233,2.33,0.09438391319973684,3.156483526707315e-06,0.004229425889065892
234,2.34,0.09457707865412425,3.5546748004109136e-06,0.0044573085941764234
235,2.35,0.09476491101076763,3.987945456836027e-06,0.004690822562456675
236,2.36,0.09494722333446665,4.45825918928233e-06,0.004967541843565088
237,2.37,0.09512383187479737,4.978819310903275e-06,0.005241847287699446
238,2.38,0.09529455717722889,5.548788793581269e-06,0.005527948304728112
239,2.39,0.09545922521804943,6.162704427183912e-06,0.005848682284985719
240,2.4,0.09561766855231865,6.822696990751732e-06,0.006164419577781165
241,2.41,0.09576972746338644,7.53912666795486e-06,0.006474997940293643
242,2.42,0.09591525110198555,8.329865676020696e-06,0.006780270525819031
243,2.43,0.09605409860255815,9.178217356051132e-06,0.007120514664195702
244,2.44,0.09618614016431243,1.0084437565824481e-05,0.007466484483948763
245,2.45,0.09631125808455913,1.1074095428096644e-05,0.007806827287376422
246,2.46,0.0964293477321266,1.2129008434644286e-05,0.008141439115452464
247,2.47,0.09654031844913542,1.3278164976439033e-05,0.008470231262504051
248,2.48,0.09664409437008442,1.4498828019187698e-05,0.008793130032506412
249,2.49,0.0967406151480962,1.579429136218958e-05,0.009139341566650508
250,2.5,0.0968298365792375,1.7167869718991714e-05,0.00949743119930783
251,2.5100000000000002,0.09691173111707578,1.8651640601145495e-05,0.009849263532306168
252,2.52,0.09698628827104383,2.0266353410216133e-05,0.010194785061447229
253,2.5300000000000002,0.09705351488368362,2.197296837333806e-05,0.010533952471206292
254,2.54,0.09711343528347546,2.3775204617853713e-05,0.010866731599463898
255,2.5500000000000003,0.09716609131162643,2.567674626877076e-05,0.011193096296933701
256,2.56,0.0972115422228912,2.7681218468344867e-05,0.011513027185570747
257,2.57,0.09724986446220682,2.979489869348781e-05,0.01182651032055933
258,2.58,0.09728115132055845,3.2018275917522436e-05,0.012133535760866454
259,2.59,0.09730551247507394,3.443263878911843e-05,0.012434096053855094
260,2.6,0.09732307341979933,3.69979246470747e-05,0.012728184640114553
261,2.61,0.09733397479492815,3.968693202571616e-05,0.013015794185512948
262,2.62,0.097338371623405,4.2502417283657674e-05,0.013308957247728077
263,2.63,0.09733643246479665,4.544678434226214e-05,0.01361646914422313
264,2.64,0.09732833849708283,4.852203682373066e-05,0.013916424655864389
265,2.65,0.09731428253759054,5.172972863289967e-05,0.01420872498221198
266,2.66,0.09729446801463201,5.507091352349196e-05,0.014493260870918047
267,2.67,0.09726910790156792,5.858876614743119e-05,0.014769911619969796
268,2.68,0.09723842362495838,6.227520354724211e-05,0.015038544317954598
269,2.69,0.09720264395823566,6.609747994807029e-05,0.015299013367658902
270,2.7,0.09716200391193894,7.005419470802292e-05,0.01555116033744388
271,2.71,0.09711674363100874,7.414321687625376e-05,0.01579481418219778
272,2.72,0.09706710730896684,7.836165554618235e-05,0.016029791871086572
273,2.73,0.09701334212804735,8.270583841854176e-05,0.01625589945273282
274,2.74,0.09695569723348539,8.721892376618344e-05,0.016472933579878318
275,2.75,0.09689442274925657,9.190312193910255e-05,0.016680683505167868
276,2.7600000000000002,0.0968297688416028,9.67061784947618e-05,0.016878933547679213
277,2.77,0.09676198483570353,0.0001016231349513248,0.017067466016570228
278,2.7800000000000002,0.09669131838984107,0.00010665009765521744,0.017246064564161074
279,2.79,0.09661801473044734,0.00011178120453987246,0.017414517926425316
280,2.8000000000000003,0.09654231595042545,0.0001170107275947611,0.017595959675036018
281,2.81,0.0964644603722305,0.00012233401084075506,0.017780892465702778
282,2.82,0.09638468197628883,0.00012849550906113925,0.017957765294332774
283,2.83,0.09630320989452505,0.00013818797197541203,0.01816794487387287
284,2.84,0.0962202679679998,0.0001518764080247396,0.018490341162085953
285,2.85,0.0961360743669994,0.00016922989278222227,0.018852038992368866
286,2.86,0.09605084127133806,0.00019014252608686336,0.0192125361416174
287,2.87,0.09596477460815618,0.00021257788725726094,0.01957184305999293
288,2.88,0.09587807384412997,0.00023658884852071596,0.019929952604604666
289,2.89,0.09579093182874625,0.0002622236270422618,0.020286841514131848
290,2.9,0.09570353468513747,0.0002895273210806081,0.02065082527963754
291,2.91,0.09561606174491705,0.00032119744439925915,0.02103570609637191
292,2.92,0.09552868552349351,0.00035652310274501044,0.021419292522606766
293,2.93,0.09544157173244336,0.0003936717851824111,0.02181726082208107
294,2.94,0.0953548793256988,0.00043267347469657047,0.02224892192523033
295,2.95,0.09526876057650084,0.00047355949337055375,0.022711149663283407
296,2.96,0.09518336118229338,0.0005163642087320013,0.02320216149525701
297,2.97,0.09509882039494158,0.0005611253762959577,0.023689914890022524
298,2.98,0.09501527117385059,0.0006078848683950665,0.024174375177240248
299,2.99,0.0949328403596667,0.0006566892320599028,0.024655521885471685
300,3.0,0.09485164886644208,0.0007075900208866899,0.025133348824503795
301,3.0100000000000002,0.09477181189005744,0.0007606438609668059,0.02560786402940859
302,3.02,0.0946934391308145,0.0008160659851681381,0.02607908955555969
303,3.0300000000000002,0.09461663502803058,0.0008755181866103904,0.02654706111581261
304,3.04,0.09454149900445905,0.0009373373352190264,0.027011827555045703
305,3.0500000000000003,0.09446812571829769,0.0010015967748774881,0.027473450162614748
306,3.06,0.09439660532054689,0.0010683712900518224,0.02793200183002103
307,3.0700000000000003,0.09432702371546665,0.0011377360379041693,0.028387566068984384
308,3.08,0.09425946282193161,0.001209765608051957,0.028840235913708333
309,3.09,0.0941940008335493,0.0012845333243399312,0.02929011273982548
310,3.1,0.09413071247552762,0.0013621108896985016,0.029737305040599186
311,3.11,0.09406966925643595,0.0014426085514890278,0.03018192720766355
312,3.12,0.0940109397132116,0.001528078098526982,0.030624098368172252
313,3.13,0.09395458964802032,0.001616588606983181,0.03106394133205198
314,3.14,0.09390068235587669,0.0017082088033811107,0.031501581701638304
315,3.15,0.09384927884227295,0.0018030103770869772,0.03193714719103627
316,3.16,0.09380043803041621,0.001901069885313256,0.03237076719405138
317,3.17,0.09375421695800237,0.002002470638363664,0.03280257262769561
318,3.18,0.09371067096372887,0.0021073043500430128,0.03323269606357761
319,3.19,0.0936698538639197,0.002215672324990367,0.03366127214269757
320,3.2,0.09363181811966657,0.002327685962914943,0.03409610339757931
321,3.21,0.09359661499478468,0.002443466394032795,0.03458952289259366
322,3.22,0.09356429470464424,0.0025631431229677796,0.03508260962562519
323,3.23,0.09353490655560315,0.0026868516485895385,0.035575477567760944
324,3.24,0.09350849907438485,0.0028147301378110764,0.036068246098587685
325,3.25,0.09348512012636573,0.0029473005157985154,0.03656104075014681
326,3.2600000000000002,0.09346481702133187,0.0030846752787003014,0.03716049598105709
327,3.27,0.09344763660485203,0.0032277827507926266,0.037749282048129704
328,3.2800000000000002,0.09343362533287743,0.003379283812465441,0.038323224000683276
329,3.29,0.09342282932645213,0.0035360832355027967,0.03888044626435261
330,3.3000000000000003,0.09341529440240925,0.0036975081722346,0.039419194217135516
331,3.31,0.09341106607463588,0.003863467905151476,0.040047071072084335
332,3.3200000000000003,0.09341018951898127,0.004034664498672136,0.04076091214042607
333,3.33,0.09341270949335248,0.004212572184773403,0.041443390655042676
334,3.34,0.0934186702033085,0.004396155658763729,0.04209072460366876
335,3.35,0.09342811510284282,0.004584847638135849,0.04269943503362905
336,3.36,0.09344108662040058,0.004778453314965981,0.04326644067849085
337,3.37,0.09345762580173729,0.0049766975358972515,0.043789149231473756
338,3.38,0.09347777186404548,0.005179935847494863,0.04437531982594128
339,3.39,0.09350156165974448,0.005387577707645225,0.04497876301199747
340,3.4,0.093529029053106,0.005598936085174263,0.04579767030002905
341,3.41,0.09356020421802505,0.005813510428955874,0.04664098650865278
342,3.42,0.09359511287026087,0.006030836265375626,0.047455480687581146
343,3.43,0.09363377545194433,0.006250469407139315,0.04823804650729141
344,3.44,0.09367620628979857,0.006476081767656546,0.04920304234375032
345,3.45,0.09372241275126585,0.006705045127726121,0.0504429154103408
346,3.46,0.09377239442462074,0.006935809091162426,0.051668108861709035
347,3.47,0.09382614235034503,0.007168297151712941,0.05287605978698624
348,3.48,0.09388363833165861,0.007409196491669427,0.05406445641708921
349,3.49,0.09394485435224342,0.007653695295592235,0.055231256310381185
350,3.5,0.09400975212880729,0.007899323527025982,0.056374698764999856
351,3.5100000000000002,0.09407828282509885,0.00814561246825221,0.057493311976051203
352,3.52,0.09415038695210644,0.008392090964186685,0.05862293529358948
353,3.5300000000000002,0.09422599447629595,0.008638299024731535,0.05995991732318853
354,3.54,0.09430502515369835,0.008883803145939083,0.061276981657315883
355,3.5500000000000003,0.09438738910232984,0.009128212184519145,0.06258052334253461
356,3.56,0.09447298761871131,0.009371192322741827,0.06390760871899956
357,3.5700000000000003,0.09456171423598163,0.00962107876204602,0.06520308373907396
358,3.58,0.09465345601118029,0.009872906514994471,0.06646433947431775
359,3.59,0.09474809501762405,0.010123469532831837,0.06768937099969093
360,3.6,0.09484551000521999,0.010372496340662927,0.06887680666914929
361,3.61,0.0949455781776832,0.010619787225940832,0.07002591680341537
362,3.62,0.09504817702227306,0.010865217571674468,0.0711366011914001
363,3.63,0.0951531861166092,0.011108736903843104,0.07220935592486827
364,3.64,0.0952604888304637,0.011350363738421704,0.07324522121184153
365,3.65,0.0953699738400873,0.01159017662917984,0.07424571285413259
366,3.66,0.09548153637982841,0.011828664430777274,0.07521274094057101
367,3.67,0.09559507917068565,0.012066338202162406,0.07614851992854643
368,3.68,0.0957105129867742,0.012302619866029636,0.07705547461539372
369,3.69,0.09582775684613726,0.012537692542297476,0.07793614651973346
370,3.7,0.09594673783878965,0.012771727748374428,0.07879310491273825
371,3.71,0.09606739062913974,0.013004872710749217,0.07962886619877538
372,3.72,0.09618965668933356,0.013237240082070516,0.08044582460301039
373,3.73,0.09631348333290199,0.01346890043356754,0.08124619625192249
374,3.74,0.09643882262377665,0.013699877672742288,0.08203197780662583
375,3.75,0.09656563023479578,0.013930147356657945,0.08280491989947765
376,3.7600000000000002,0.0966938643234349,0.014159637735491703,0.08356651479230913
377,3.77,0.09682348448227245,0.014388233259664292,0.08431799696616114
378,3.7800000000000002,0.09695445080923906,0.014615797741038121,0.08506035479867805
379,3.79,0.09708672312940854,0.014842868006958262,0.08579435110186512
380,3.8000000000000003,0.09722026038690806,0.01506846729505179,0.08652055008521375
381,3.81,0.09735502021348111,0.015296358985983279,0.0872393482656484
382,3.8200000000000003,0.09749095866941807,0.015522403328558853,0.08795100695647352
383,3.83,0.09762803014366021,0.01574635254840494,0.08865568420610949
384,3.84,0.09776618739285255,0.015968003797619527,0.0893534643993551
385,3.85,0.09790538169420404,0.0161871655203062,0.09004438414801066
386,3.86,0.09804556308417915,0.016403662376665015,0.09072845355117215
387,3.87,0.0981866806542679,0.016617338403043462,0.091405672364898
388,3.88,0.09832868287614499,0.016828058333689888,0.09207604105418389
389,3.89,0.09847151793119498,0.01703570718036859,0.0927395670788313
390,3.9,0.09861513402323423,0.0172401883117282,0.09339626706623047
391,3.91,0.09875947965793302,0.017441420382415272,0.09405836381893158
392,3.92,0.09890450387747805,0.01763933352557197,0.09476924821346218
393,3.93,0.09905015644402736,0.017833865240656915,0.0954763680924724
394,3.94,0.0991963879701613,0.018024956385533534,0.09621028386690446
395,3.95,0.09934314999854954,0.01821254762511238,0.09693631385814769
396,3.96,0.09949039503628124,0.018398525197142367,0.09765452888783194
397,3.97,0.09963807655163463,0.018582887978690652,0.09836499357811135
398,3.98,0.09978614894250608,0.018763557654151313,0.09906776106991086
399,3.99,0.09993456748630723,0.018940444778962038,0.09976286845158003
400,4.0,0.10008328828100418,0.01911345650957959,0.10045033337587612
401,4.01,0.10023226818621941,0.019282498278983724,0.10113015214794634
402,4.0200000000000005,0.10038146477211005,0.019447475868374208,0.10180229937990874
403,4.03,0.10053083628223396,0.01960829771016052,0.10246672914443308
404,4.04,0.10068034161493933,0.01976487726527844,0.10312337743112242
405,4.05,0.10082994032613352,0.01991713533674057,0.10377216562107276
406,4.0600000000000005,0.10097959265468534,0.020065002207868145,0.1044130046475952
407,4.07,0.10112925957029265,0.020208419524470177,0.10504579950164149
408,4.08,0.10127890284248024,0.020347506092752408,0.10567045376297476
409,4.09,0.10142848512847669,0.02048251307299604,0.10628687388474893
410,4.1,0.10157797007711024,0.020612952543723483,0.10689497302130296
411,4.11,0.10172732244551921,0.020738825133540504,0.10749467425819348
412,4.12,0.10187650822536834,0.020860147622518265,0.10808591317222717
413,4.13,0.102025494775367,0.020976953143956627,0.1086686397114009
414,4.14,0.10217425095714097,0.021089291238210996,0.10924281943583156
415,4.15,0.10232274727188366,0.02119722780628797,0.1098084341984415
416,4.16,0.10247095599563256,0.02130084500425443,0.11036548236757852
417,4.17,0.10261885131148302,0.021400241110632465,0.1109139787036367
418,4.18,0.10276640943749207,0.021495530389154062,0.11145395400000058
419,4.19,0.10291360874944207,0.021586842959629517,0.11198545458790919
420,4.2,0.10306042989799905,0.02167432468109654,0.11250854178811794
421,4.21,0.1032068559201058,0.02175813704443669,0.1130232913724741
422,4.22,0.10335287234469233,0.021838457066561782,0.11352979307833448
423,4.23,0.10349846729295656,0.02191547717512516,0.11402815020021305
424,4.24,0.10364363157358918,0.021989405071335042,0.11451847926757473
425,4.25,0.10378835877336642,0.022060463558531238,0.11500090980604614
426,4.26,0.10393264534354231,0.022128890325347803,0.11547558417164924
427,4.2700000000000005,0.10407649068242665,0.022194937674120292,0.11594265744365212
428,4.28,0.10421989721446977,0.02225887218734694,0.11640229736060757
429,4.29,0.10436287046605458,0.022320974327186292,0.11685468428526824
430,4.3,0.10450541913808313,0.02238153796497692,0.11730001118644466
431,4.3100000000000005,0.10464755517529993,0.022440869839496773,0.11773848362870323
432,4.32,0.10478929383215299,0.022499288944124896,0.11817031976343899
433,4.33,0.10493065373486087,0.022557125844269388,0.11859575031685501
434,4.34,0.10507165693922149,0.022614721927463364,0.11901501857151225
435,4.3500000000000005,0.10521232898360028,0.02267242858949007,0.1194283803383367
436,4.36,0.10535269893645242,0.022730606360855297,0.1198361039154106
437,4.37,0.10549279943767789,0.022789623978928645,0.12023847002875995
438,4.38,0.10563266673309932,0.022849857412139768,0.12063577174895947
439,4.39,0.10577234070135348,0.0229116888437279,0.1210283143760094
440,4.4,0.10591186487254306,0.02297550562365981,0.1214164152838461
441,4.41,0.10605128643806058,0.02304169919839636,0.12180040371523748
442,4.42,0.10619065625110007,0.023110664029133806,0.12218062051780428
443,4.43,0.10633002881749282,0.023182796509912795,0.12255741781254664
444,4.44,0.10646946227663229,0.023258493897520254,0.12293115858751548
445,4.45,0.10660901837241028,0.02333815326537237,0.12330221621105862
446,4.46,0.10674876241422261,0.023422170493539247,0.1236709738612675
447,4.47,0.10688876322826178,0.023510939306755105,0.12403782387068905
448,4.48,0.10702909309945403,0.023604850371668325,0.1244031669878959
449,4.49,0.10716982770453867,0.02370429046375544,0.12476741155996875
450,4.5,0.10731104603690275,0.023809641713295707,0.12513097264220688
451,4.51,0.10745283032390765,0.02392128093862802,0.1254942710433489
452,4.5200000000000005,0.10759526593753062,0.024039579073642414,0.12585773231617847
453,4.53,0.10773844129922931,0.02416490069514634,0.12622178570457818
454,4.54,0.10788244778000373,0.02429760365443939,0.12658686305887276
455,4.55,0.10802737959668415,0.02443803881616764,0.12695339773168232
456,4.5600000000000005,0.1081733337055057,0.02458654990634539,0.1273218234665397
457,4.57,0.10832040969406434,0.024743473470346476,0.1276925732912544
458,4.58,0.10846870967276276,0.024909138940694308,0.12806607842749854
459,4.59,0.1086183381668603,0.02508386881362134,0.12844276722740827
460,4.6000000000000005,0.10876940201024485,0.025267978932619235,0.1288230641471976
461,4.61,0.10892201024203094,0.02546177887654965,0.1292073887669272
462,4.62,0.10907627400708565,0.025665572449314444,0.1295961548647018
463,4.63,0.1092323064615533,0.025879658267573356,0.1299897695527263
464,4.64,0.10939022268443614,0.026104330442524498,0.13038863248184993
465,4.65,0.10955013959625413,0.02633987935130734,0.1307931351204936
466,4.66,0.10971217588577649,0.026586628774484394,0.13120366011318021
467,4.67,0.10987645194576928,0.026844904228773298,0.13162058072327626
468,4.68,0.1100430898186646,0.02711490847255955,0.13204426036398378
469,4.69,0.11021221315299165,0.02739692647434462,0.13247505222108236
470,4.7,0.11038394717134788,0.027691244474274707,0.1329132989703831
471,4.71,0.11055841865061071,0.027998151172019762,0.13335933259229776
472,4.72,0.11073575591499453,0.028317938958163872,0.13381347428531976
473,4.73,0.11091608884246819,0.02865090517974273,0.1342760344795296
474,4.74,0.1110995488849124,0.02899735342969349,0.13474731295045908
475,4.75,0.11128626910228323,0.029357594849062984,0.13522759903274756
476,4.76,0.11147638421088593,0.029731949429863878,0.13571717193199132
477,4.7700000000000005,0.11167003064570778,0.030120747305482868,0.13621630113200828
478,4.78,0.11186734663657731,0.030524330014545478,0.13672524689341514
479,4.79,0.11206847229772277,0.030943051723137473,0.1372442608379435
480,4.8,0.11227354973009551,0.03137728038928767,0.13777358661131914
481,4.8100000000000005,0.11248272313560125,0.03182739885264086,0.13831346061581043
482,4.82,0.11269613894214815,0.03229380583130289,0.13886411280174926
483,4.83,0.11291394593817863,0.0327769168069315,0.13942576750546995
484,4.84,0.11313629541509722,0.033277164778280105,0.1399986443192436
485,4.8500000000000005,0.11336334131575025,0.03379500086258142,0.14058295897695225
486,4.86,0.11359524038685248,0.0343308947233804,0.14117892423750408
487,4.87,0.11383215233298725,0.034885334802685075,0.1417867507463877
488,4.88,0.11407423996955235,0.03545882833458563,0.14240664785436322
489,4.89,0.11432166937175306,0.03605190111677702,0.14303882437114418
490,4.9,0.11457461001649911,0.03666509701567997,0.14368348923108876
491,4.91,0.11483323491380308,0.03729897718004827,0.14434085204744124
492,4.92,0.11509772072403611,0.037954118937033335,0.14501112353158635
493,4.93,0.11536824785716047,0.038631642406931455,0.14569451575412193
494,4.94,0.11564500054981654,0.03933293172753085,0.14639124222534053
495,4.95,0.11592816691592013,0.040057299648302395,0.147101517773934
496,4.96,0.11621793896617212,0.040805370804012815,0.14782555820437007
497,4.97,0.11651451259165803,0.041577774455556646,0.14856357971540696
498,4.98,0.11681808750643861,0.04237514080380991,0.14931579806453266
499,4.99,0.11712886714376235,0.043198096747750145,0.15013458292233103
500,5.0,0.11744705850020565,0.044047261039260294,0.1509681996583627
501,5.01,0.1177728719216819,0.04492323878115268,0.15181563535083525
502,5.0200000000000005,0.11810652082484886,0.04582661520799467,0.15267702656392032
503,5.03,0.11844822134693274,0.04675794868122944,0.15355249552615316
504,5.04,0.11879819191641602,0.04771776282086478,0.15444214688655256
505,5.05,0.11915665273634916,0.04870653768571274,0.15534606423760908
506,5.0600000000000005,0.11952382517125704,0.049724699902969155,0.15626430640765232
507,5.07,0.11989993102768441,0.050772611636102805,0.15719690352109805
508,5.08,0.12028519171740744,0.051850558268018494,0.15814385282003798
509,5.09,0.12067982729116274,0.05295873466487752,0.15910511423469245
510,5.1000000000000005,0.12108405532949376,0.0540972298756339,0.16008060568359453
511,5.11,0.12149808967595925,0.055266010114345857,0.16107019807728867
512,5.12,0.12192213899655967,0.0564648998679985,0.16207370999216156
513,5.13,0.12235640514784156,0.05769356097356449,0.16309090197420945
514,5.14,0.12280108133485428,0.058951469516294375,0.16412147042660413
515,5.15,0.12325635003897907,0.060237890419052635,0.16516504103042795
516,5.16,0.12372238069485327,0.061551849622504824,0.16622116164556175
517,5.17,0.1241993270952091,0.06289348975124094,0.16728929463912778
518,5.18,0.12468732450269383,0.06426001552292794,0.16836880859284734
519,5.19,0.12518648644881097,0.06564923386183596,0.16945896934893964
520,5.2,0.12569690120224739,0.0670588595021529,0.17055893036751543
521,5.21,0.12621862789232535,0.06848619150227309,0.17166772238757888
522,5.22,0.1267516922784128,0.06992807299510474,0.17278424240946733
523,5.23,0.12729608216318333,0.07138085045542973,0.1739072420495532
524,5.24,0.12785174245699496,0.07284033348197862,0.1750353153589836
525,5.25,0.1284185699127196,0.0743017563876287,0.17616688624782198
526,5.26,0.12899640756551853,0.07575974323143782,0.17730019571484823
527,5.2700000000000005,0.12958503893070616,0.07720827831102112,0.1784332891521829
528,5.28,0.13018418203531715,0.07864068455900367,0.17956400407337014
529,5.29,0.13079348338583796,0.08004961274892633,0.18068995870495516
530,5.3,0.13141251200559717,0.08142888561029349,0.18180854198438817
531,5.3100000000000005,0.13204075371115823,0.08276952665041082,0.18291690562336102
532,5.32,0.13267760583709168,0.08406133190290295,0.18401195902440096
533,5.33,0.13332237266237723,0.08529450835582465,0.18509036797960238
534,5.34,0.13397426183811253,0.0864588216763684,0.1861485582314992
535,5.3500000000000005,0.13463238216318327,0.08754373349643291,0.1871827251328067
536,5.36,0.13529574309895165,0.08854649380346558,0.18818885079609737
537,5.37,0.13596325645129975,0.089449480404824,0.18916273026349703
538,5.38,0.13663374067235587,0.09024233442087147,0.1901000083308585
539,5.39,0.13730592823703877,0.09091549035386455,0.19108639802745925
540,5.4,0.13797847652165568,0.09146040598641092,0.19206646519107876
541,5.41,0.13864998254270647,0.0918699554971907,0.1930063423755168
542,5.42,0.1393190017935124,0.09213884475743236,0.19391179145481857
543,5.43,0.13998407123620193,0.09226402977317504,0.19477524748153754
544,5.44,0.14064373626377122,0.09224511332200887,0.195587893455958
545,5.45,0.14129658114620716,0.0920846897597417,0.1963461192414797
546,5.46,0.14194126213196404,0.09178860485020787,0.19704679086788332
547,5.47,0.14257654202010195,0.0913660974723769,0.19768739364806628
548,5.48,0.14320132469000166,0.09082979413474476,0.19826617753898465
549,5.49,0.1438146878234134,0.09019553575545418,0.19878229641507852
550,5.5,0.14441591192612013,0.089482028642528,0.1992359310916161
551,5.51,0.14500450379147994,0.08871032654101108,0.19962838481264705
552,5.5200000000000005,0.14558021276257682,0.08790316577114754,0.19996214000544202
553,5.53,0.1461430385344445,0.08708418850523075,0.2002408668462175
554,5.54,0.1466932297587334,0.08627709842888087,0.20046937779500928
555,5.55,0.1472312733199806,0.08550479797824974,0.20065352753576754
556,5.5600000000000005,0.14775787479017655,0.0847885578724749,0.20080006396266564
557,5.57,0.1482739311848034,0.08415442329080099,0.20091644177451962
558,5.58,0.1487804976902074,0.08361003390566582,0.20101061448316962
559,5.59,0.14927875045563874,0.08316735792921898,0.20109082209237936
560,5.6000000000000005,0.14976994777721866,0.08283531901900809,0.20116538996320876
561,5.61,0.15025539196888826,0.08261913859964351,0.20124254996388907
562,5.62,0.15073639385258458,0.08252051544017405,0.20133028915184753
563,5.63,0.1512142410949514,0.0825380119066827,0.20143622545373993
564,5.64,0.151690170657576,0.0826674343280454,0.2015675053384414
565,5.65,0.15216534461970002,0.08290221299267907,0.20173071600289144
566,5.66,0.15264082787866254,0.08323366926552116,0.20193180424619694
567,5.67,0.1531175660452206,0.08365112810171696,0.20217599577842563
568,5.68,0.15359636242498337,0.0841419033436214,0.2024677118293685
569,5.69,0.15407785428402293,0.084691257274102,0.20281048413611055
570,5.7,0.15456249033808206,0.08528250256179126,0.20320687410673702
571,5.71,0.15505051307338144,0.08589834886680627,0.20365840638666688
572,5.72,0.15554195053675055,0.08652132439065306,0.2041655302103536
573,5.73,0.15603662218607228,0.08713019996483462,0.2047276227713701
574,5.74,0.15653416211315194,0.08770854400340795,0.20534304655634314
575,5.75,0.15703406063007375,0.08824387798361241,0.2060092668445925
576,5.76,0.15753572233562485,0.08872936887592144,0.2067230268600629
577,5.7700000000000005,0.15803853599695894,0.08916511594802984,0.2074805677956505
578,5.78,0.15854194950853026,0.08955878023578105,0.20830721451279735
579,5.79,0.15904554223230957,0.08992862384128446,0.20941061862314522
580,5.8,0.15954908727655487,0.0902930412436525,0.21051414607694993
581,5.8100000000000005,0.1600525975367118,0.09067770644763909,0.21167533356577248
582,5.82,0.1605563512419704,0.0911110694476813,0.2128232448231972
583,5.83,0.16106089499136408,0.09162130133562282,0.21395006552101162
584,5.84,0.1615670246507274,0.09223375790463866,0.21505178413766887
585,5.8500000000000005,0.16207574699191374,0.0929688004832955,0.2161259078807667
586,5.86,0.16258822755191807,0.0938403014161011,0.21717140743228372
587,5.87,0.16310573261759814,0.09485512237385674,0.2181886684244638
588,5.88,0.16362957494068958,0.09601374495566288,0.21917947993129894
589,5.89,0.16416107303296987,0.09731204550961804,0.22014707871877814
590,5.9,0.164701532140056,0.09874402497938538,0.22109625090463214
591,5.91,0.16525225125821472,0.10030474792425005,0.22203347310411817
592,5.92,0.16581455558346436,0.10199346425711613,0.2229670577853971
593,5.93,0.1663898488627915,0.10381581252158875,0.22390725721285762
594,5.94,0.16697967663655852,0.10578501450600881,0.22486627979476465
595,5.95,0.16758579024796774,0.10792193902903545,0.22585818127323726
596,5.96,0.1682102028812281,0.11025423547515271,0.22689860738497727
597,5.97,0.16885523212515535,0.11281492459571744,0.22800437979381127
598,5.98,0.16952352756275008,0.11564088856531457,0.2291929303445085
599,5.99,0.17021808563521318,0.11877164988305919,0.23048160060777223
600,6.0,0.17094225688817075,0.12224872859079007,0.23188683829564546
601,6.01,0.17169975235819374,0.12612834224492483,0.23342334447961977
602,6.0200000000000005,0.1724946557303036,0.1304627562734929,0.23510325740376056
603,6.03,0.17333144448790924,0.13528985830155535,0.2369354936032652
604,6.04,0.17421501420246532,0.1406661234017053,0.23892538762127807
605,6.05,0.17515068394266806,0.14665172039177135,0.24107475292080452
606,6.0600000000000005,0.1761441407888199,0.15330428833462553,0.24338240849663165
607,6.07,0.1772012689141917,0.16066685194795186,0.2458450813921436
608,6.08,0.17832782067564656,0.1687513640448826,0.24845844319960428
609,6.09,0.17952893414409252,0.1775229001190161,0.251217929562778
610,6.1000000000000005,0.1808085710500903,0.18689134592075604,0.2541189701490784
611,6.11,0.18216900500695432,0.1967156780492511,0.25715632420960993
612,6.12,0.18361049878941507,0.2068217913635194,0.2603223701067048
613,6.13,0.1851312685988402,0.21703079951058235,0.263604490339981
614,6.140000000000001,0.18672776285393436,0.22719121946715734,0.26698218455305855
615,6.15,0.1883952032625945,0.23720537588642723,0.27042509804024106
616,6.16,0.19012826683162543,0.2470406416321219,0.27389336974832
617,6.17,0.1919217509100368,0.2567217107599238,0.27734117999114744
618,6.18,0.19377106534927474,0.26630727330632564,0.28072312529944476
619,6.19,0.19567242291498915,0.27585814013123017,0.28400159819395154
620,6.2,0.19762263769627564,0.28540300587435674,0.2871524302209676
621,6.21,0.1996184896761116,0.29490488014257493,0.2901661495179394
622,6.22,0.2016556805054799,0.3042290104542275,0.2930433582765626
623,6.23,0.20372750466577738,0.3131148557037672,0.2957846611591667
624,6.24,0.2058234896133556,0.3211604795737509,0.2983777630560987
625,6.25,0.20792835992454817,0.32783191422892954,0.3007860094886789
626,6.26,0.21002162672765395,0.33250276064877277,0.3029426505512863
627,6.2700000000000005,0.21207778664970917,0.3345067033518433,0.3047525681044679
628,6.28,0.21406661583535133,0.33323750521889806,0.306098588349862
629,6.29,0.21595272641878377,0.32827398787284506,0.3068453472148828
630,6.3,0.2176939634448471,0.3184795156709679,0.30683376610017227
631,6.3100000000000005,0.21923994273611208,0.30296966072757653,0.3065259688834834
632,6.32,0.22053534555643786,0.2817347468751516,0.3056540530067037
633,6.33,0.22153583452985987,0.2569024365591913,0.3034689680643038
634,6.34,0.22224120539999528,0.23292242085889509,0.2999641326040234
635,6.3500000000000005,0.22273544872165105,0.21901449478508273,0.29572510201122437
636,6.36,0.22324745374146016,0.23443262541812745,0.2921305498671354
637,6.37,0.22456645698618377,0.36286191169176135,0.2972695391147633
638,6.38,0.22828546120866655,0.7005875707919861,0.31850028824793886
639,6.390000000000001,0.23387466081595876,0.8887637448671037,0.33152794367825855
640,6.4,0.24014299058313107,0.9009404482271992,0.33220796998990154
641,6.41,0.2506133563062623,1.2994647552461613,0.3595648490147521
